clique_id,graph_id,clique_features
0,0,0
1,0,0
2,0,1
3,0,1
4,0,1
5,0,1
6,0,1
0,1,0
1,1,0
2,1,1
3,1,1
4,1,1
5,1,1
6,1,1
7,1,1
8,1,1
9,1,1
10,1,1
11,1,1
12,1,1
13,1,1
14,1,3
15,1,3
0,2,0
1,2,0
2,2,0
3,2,1
4,2,1
5,2,1
6,2,1
7,2,1
8,2,1
9,2,1
10,2,1
11,2,1
12,2,1
13,2,3
14,2,3
15,2,3
0,3,0
1,3,1
2,3,1
3,3,1
4,3,1
5,3,1
6,3,1
7,3,1
8,3,1
9,3,1
10,3,1
11,3,1
12,3,1
13,3,1
14,3,1
15,3,1
16,3,1
17,3,3
18,3,3
19,3,3
20,3,3
0,4,0
1,4,0
2,4,0
3,4,1
4,4,1
5,4,1
6,4,1
7,4,1
8,4,1
9,4,3
0,5,0
1,5,0
2,5,0
3,5,1
4,5,1
5,5,1
6,5,1
7,5,1
8,5,1
9,5,1
10,5,1
11,5,1
12,5,1
13,5,3
0,6,0
1,6,0
2,6,0
3,6,1
4,6,1
5,6,1
0,7,0
1,7,0
2,7,0
3,7,1
4,7,1
5,7,1
6,7,1
7,7,1
8,7,1
9,7,1
10,7,1
11,7,3
12,7,3
0,8,0
1,8,0
2,8,0
3,8,1
4,8,1
5,8,1
6,8,1
0,9,0
1,9,0
2,9,1
3,9,1
4,9,1
5,9,1
6,9,1
7,9,1
8,9,1
9,9,1
10,9,1
11,9,1
12,9,3
13,9,3
